Workbook

Sheet Нұсқау
A1: ТӘЖІРИБЕ КЕСТЕСІН ТОЛТЫРУ НҰСҚАУЫ
A2: Сары ұяшықтарды ғана толтырыңыз. Қалған ұяшықтар мен «Қорытынды» парағы өздігінен есептеледі.
A4: 1. Үш ЖИ құралын таңдаңыз да, «Қорытынды» парағының жоғарғы жағына атауы мен нұсқасын жазыңыз (ЖИ-1, ЖИ-2, ЖИ-3).
A5: 2. Әр сұраныстың алдында жаңа чат ашыңыз (алдыңғы сұрақ жауапқа әсер етпеуі үшін). Сұранысты өзгертпей көшіріп қойыңыз.
A6: 3. ЖИ жауабын қысқартып (1–2 сөйлем) «жауабы» бағанына жазыңыз, толық жауаптың скриншотын сақтаңыз (файл атауы: ЖИ1_Т01.png).
A7: 4. Жауапты сөздік мағынасымен салыстырып, балл қойыңыз: 2 – дұрыс, 1 – жартылай дұрыс, 0 – қате.
A8: 5. Балл 0 немесе 1 болса, қате түрін белгілеңіз: С – сөзбе-сөз, Б – басқа мағына, О – ойдан шығару, Ж – жалпылама.
A9: 6. 3-тәжірибеде ЖИ атаған әр тіркесті Кеңесбаев сөздігінен және жұмыстың А қосымшасынан іздеңіз, код қойыңыз: Н, М, Ж, Т.
A10: 7. Күмәнді жауапты ғылыми жетекшімен бірге қайта тексеріп, шешімді зерттеу күнделігіне жазыңыз.
A11: 8. Сұраныстарға есіміңізді, мектебіңізді және басқа жеке деректерді жазбаңыз.
A13: Сұраныс үлгілері:
A14: 1-тәжірибе: «…» деген тұрақты тіркестің мағынасы қандай? Қысқаша түсіндіріп, бір мысал сөйлем келтір.
... A31: Т – Тұрақты тіркес емес: Жай сөз немесе еркін сөз тіркесі (мысалы, «өте жылдам»)

Sheet 1-тәжірибе
A1: № | B1: Топ | C1: Тіркес | D1: Сөздіктегі мағынасы | E1: ЖИ-1 жауабы (қысқаша) | F1: ЖИ-1 балл | G1: ЖИ-1 қате түрі | H1: ЖИ-2 жауабы (қысқаша) | I1: ЖИ-2 балл | J1: ЖИ-2 қате түрі | K1: ЖИ-3 жауабы (қысқаша) | L1: ЖИ-3 балл | M1: ЖИ-3 қате түрі
A2: 1 | B2: А | C2: Екі езуі екі құлағына жету | D2: қатты қуану
A3: 2 | B3: А | C3: Бармағын тістеді | D3: өкінді
A4: 3 | B4: А | C4: Көзді ашып-жұмғанша | D4: өте тез
A5: 4 | B5: А | C5: Жұмған аузын ашпау | D5: үндемеу, сөйлемеу
A6: 5 | B6: А | C6: Құлағын түру | D6: мұқият тыңдау, назар салу
A7: 6 | B7: А | C7: Кірпік қақпау | D7: ұйықтамау
A8: 7 | B8: А | C8: Жүрегі аузына тығылды | D8: қатты толқыды, қорықты
A9: 8 | B9: А | C9: Бас изеді | D9: келісті
A10: 9 | B10: А | C10: Қолы ашық | D10: жомарт
A11: 10 | B11: А | C11: Бетінен оты шықты | D11: қатты ұялды
A12: 11 | B12: Ә | C12: Арасынан қыл өтпейді | D12: өте тату
A13: 12 | B13: Ә | C13: Қой аузынан шөп алмас | D13: момын, жуас
... A31: 30 | B31: Б | C31: Қара есекке теріс мінгізу | D31: масқаралау, ел алдында ұятқа қалдыру

Sheet 2-тәжірибе
A1: № | B1: Тапсырма | C1: Берілген тіркес | D1: Сөздіктегі жауап | E1: ЖИ-1 атаған тіркес | F1: ЖИ-1 балл | G1: ЖИ-1 қате түрі | H1: ЖИ-2 атаған тіркес | I1: ЖИ-2 балл | J1: ЖИ-2 қате түрі | K1: ЖИ-3 атаған тіркес | L1: ЖИ-3 балл | M1: ЖИ-3 қате түрі
A2: 1 | B2: антоним | C2: Бетінен оты шықты | D2: Беті бүлк етпеді (ұялды – ұялмады)
A3: 2 | B3: антоним | C3: Ажары сынды | D3: Қуанышы қойнына сыймады (мұңайды – қуанды)
A4: 3 | B4: антоним | C4: Қолы қолына жұқпады | D4: Саусағының ұшын қимылдатпады (тез қимылдады – ештеңе істемеді)
A5: 4 | B5: синоним | C5: Үріп ауызға салғандай | D5: Қыздың жиған жүгіндей (сұлу, әдемі)
A6: 5 | B6: синоним | C6: Ит өлген жер | D6: Ит арқасы қиянда; Жер түбі (алыс, шалғай)
A7: 6 | B7: синоним | C7: Ит терісін басына қаптады | D7: Жерден алып, жерге салды (ұрысты, сөкті)
A9: Балл: 2 – нақты тұрақты тіркес әрі мағынасы дұрыс; 1 – мағынасы дұрыс, бірақ тұрақты тіркес емес (жай сөз); 0 – қате немесе жоқ тіркес.

Sheet 3-тәжірибе
A1: Мағыналық топ | B1: № | C1: ЖИ-1 атаған тіркес | D1: ЖИ-1 код | E1: ЖИ-2 атаған тіркес | F1: ЖИ-2 код | G1: ЖИ-3 атаған тіркес | H1: ЖИ-3 код
A2: ТЕЗ, ШАПШАҢ | B2: 1
B3: 2
B4: 3
B5: 4
B6: 5
A7: АЛЫС ЖЕР | B7: 1
B8: 2
B9: 3
B10: 4
B11: 5
A12: ЖАҚЫН ЖЕР | B12: 1
B13: 2
B14: 3
B15: 4
B16: 5
A17: КӨП (адам, әскер) | B17: 1
B18: 2
B19: 3
B20: 4
B21: 5
A22: КЕШКІ УАҚЫТ, ЫМЫРТ | B22: 1
B23: 2
B24: 3
B25: 4
B26: 5

Sheet Қорытынды
A1: ЖИ құралдары (атауы, нұсқасы, тексеру күні)
A2: ЖИ-1
A3: ЖИ-2
A4: ЖИ-3
A6: 1-тәжірибе: сапа көрсеткіші, % (жинаған балл ÷ ең жоғары балл × 100)
A7: Топ | B7: ЖИ-1 | C7: ЖИ-2 | D7: ЖИ-3 | E7: Орташа
A8: А – Мөлдір бейнелі тіркестер | B8: =IFERROR(ROUND(SUM('1-тәжірибе'!F2:F11)/(2*COUNT('1-тәжірибе'!F2:F11))*100,1),"") | C8: =IFERROR(ROUND(SUM('1-тәжірибе'!I2:I11)/(2*COUNT('1-тәжірибе'!I2:I11))*100,1),"") | D8: =IFERROR(ROUND(SUM('1-тәжірибе'!L2:L11)/(2*COUNT('1-тәжірибе'!L2:L11))*100,1),"") | E8: =IFERROR(ROUND(AVERAGE(B8:D8),1),"")
A9: Ә – Астарлы бейнелі тіркестер | B9: =IFERROR(ROUND(SUM('1-тәжірибе'!F12:F21)/(2*COUNT('1-тәжірибе'!F12:F21))*100,1),"") | C9: =IFERROR(ROUND(SUM('1-тәжірибе'!I12:I21)/(2*COUNT('1-тәжірибе'!I12:I21))*100,1),"") | D9: =IFERROR(ROUND(SUM('1-тәжірибе'!L12:L21)/(2*COUNT('1-тәжірибе'!L12:L21))*100,1),"") | E9: =IFERROR(ROUND(AVERAGE(B9:D9),1),"")
A10: Б – Ұлттық-мәдени тіркестер | B10: =IFERROR(ROUND(SUM('1-тәжірибе'!F22:F31)/(2*COUNT('1-тәжірибе'!F22:F31))*100,1),"") | C10: =IFERROR(ROUND(SUM('1-тәжірибе'!I22:I31)/(2*COUNT('1-тәжірибе'!I22:I31))*100,1),"") | D10: =IFERROR(ROUND(SUM('1-тәжірибе'!L22:L31)/(2*COUNT('1-тәжірибе'!L22:L31))*100,1),"") | E10: =IFERROR(ROUND(AVERAGE(B10:D10),1),"")
A11: Барлық 30 тіркес | B11: =IFERROR(ROUND(SUM('1-тәжірибе'!F2:F31)/(2*COUNT('1-тәжірибе'!F2:F31))*100,1),"") | C11: =IFERROR(ROUND(SUM('1-тәжірибе'!I2:I31)/(2*COUNT('1-тәжірибе'!I2:I31))*100,1),"") | D11: =IFERROR(ROUND(SUM('1-тәжірибе'!L2:L31)/(2*COUNT('1-тәжірибе'!L2:L31))*100,1),"") | E11: =IFERROR(ROUND(AVERAGE(B11:D11),1),"")
A13: 1-тәжірибе: қате түрлерінің саны
A14: Қате түрі | B14: ЖИ-1 | C14: ЖИ-2 | D14: ЖИ-3 | E14: Барлығы
A15: С – Сөзбе-сөз түсіндіру | B15: =COUNTIF('1-тәжірибе'!G2:G31,"С") | C15: =COUNTIF('1-тәжірибе'!J2:J31,"С") | D15: =COUNTIF('1-тәжірибе'!M2:M31,"С") | E15: =SUM(B15:D15)
A16: Б – Басқа мағына беру | B16: =COUNTIF('1-тәжірибе'!G2:G31,"Б") | C16: =COUNTIF('1-тәжірибе'!J2:J31,"Б") | D16: =COUNTIF('1-тәжірибе'!M2:M31,"Б") | E16: =SUM(B16:D16)
A17: О – Ойдан шығару | B17: =COUNTIF('1-тәжірибе'!G2:G31,"О") | C17: =COUNTIF('1-тәжірибе'!J2:J31,"О") | D17: =COUNTIF('1-тәжірибе'!M2:M31,"О") | E17: =SUM(B17:D17)
A18: Ж – Жалпылама жауап | B18: =COUNTIF('1-тәжірибе'!G2:G31,"Ж") | C18: =COUNTIF('1-тәжірибе'!J2:J31,"Ж") | D18: =COUNTIF('1-тәжірибе'!M2:M31,"Ж") | E18: =SUM(B18:D18)
A20: 2-тәжірибе: жинаған балл (ең жоғары – 12)
A21: Тапсырма | B21: ЖИ-1 | C21: ЖИ-2 | D21: ЖИ-3 | E21: Орташа
A22: Антоним табу (ең жоғары – 6) | B22: =IF(COUNT('2-тәжірибе'!F2:F4)=0,"",SUM('2-тәжірибе'!F2:F4)) | C22: =IF(COUNT('2-тәжірибе'!I2:I4)=0,"",SUM('2-тәжірибе'!I2:I4)) | D22: =IF(COUNT('2-тәжірибе'!L2:L4)=0,"",SUM('2-тәжірибе'!L2:L4)) | E22: =IFERROR(ROUND(AVERAGE(B22:D22),1),"")
A23: Синоним табу (ең жоғары – 6) | B23: =IF(COUNT('2-тәжірибе'!F5:F7)=0,"",SUM('2-тәжірибе'!F5:F7)) | C23: =IF(COUNT('2-тәжірибе'!I5:I7)=0,"",SUM('2-тәжірибе'!I5:I7)) | D23: =IF(COUNT('2-тәжірибе'!L5:L7)=0,"",SUM('2-тәжірибе'!L5:L7)) | E23: =IFERROR(ROUND(AVERAGE(B23:D23),1),"")
A24: Барлығы (ең жоғары – 12) | B24: =IF(COUNT('2-тәжірибе'!F2:F7)=0,"",SUM('2-тәжірибе'!F2:F7)) | C24: =IF(COUNT('2-тәжірибе'!I2:I7)=0,"",SUM('2-тәжірибе'!I2:I7)) | D24: =IF(COUNT('2-тәжірибе'!L2:L7)=0,"",SUM('2-тәжірибе'!L2:L7)) | E24: =IFERROR(ROUND(AVERAGE(B24:D24),1),"")
A26: 3-тәжірибе: ЖИ атаған 25 тіркестің құрамы
A27: Код | B27: ЖИ-1 | C27: ЖИ-2 | D27: ЖИ-3 | E27: Барлығы
A28: Н – Нақты тіркес, мағынасы дұрыс | B28: =COUNTIF('3-тәжірибе'!D2:D26,"Н") | C28: =COUNTIF('3-тәжірибе'!F2:F26,"Н") | D28: =COUNTIF('3-тәжірибе'!H2:H26,"Н") | E28: =SUM(B28:D28)
A29: М – Нақты тіркес, мағынасы басқа | B29: =COUNTIF('3-тәжірибе'!D2:D26,"М") | C29: =COUNTIF('3-тәжірибе'!F2:F26,"М") | D29: =COUNTIF('3-тәжірибе'!H2:H26,"М") | E29: =SUM(B29:D29)
A30: Ж – Жоқ тіркес | B30: =COUNTIF('3-тәжірибе'!D2:D26,"Ж") | C30: =COUNTIF('3-тәжірибе'!F2:F26,"Ж") | D30: =COUNTIF('3-тәжірибе'!H2:H26,"Ж") | E30: =SUM(B30:D30)
A31: Т – Тұрақты тіркес емес | B31: =COUNTIF('3-тәжірибе'!D2:D26,"Т") | C31: =COUNTIF('3-тәжірибе'!F2:F26,"Т") | D31: =COUNTIF('3-тәжірибе'!H2:H26,"Т") | E31: =SUM(B31:D31)
