Workbook

Sheet Нұсқау
A1: ЗЕРТТЕУ КЕСТЕСІН ТОЛТЫРУ НҰСҚАУЫ
A2: Сары ұяшықтарды ғана толтырыңыз. «Мәртебе» бағаны мен «Қорытынды» парағы өздігінен есептеледі.
A4: 1-КЕЗЕҢ. Сөздікпен тексеру («Сөздер» парағы)
A5: 1. Әр сөзді «Қазақ әдеби тілінің сөздігінен» (15 томдық) тауып, оның жанындағы белгіні жазыңыз: «көн.» (көнерген), «тар.» (тарихи), белгі жоқ немесе сөздікте жоқ. Қазақ әдеби тілінің сөздігі. Он бес томдық. 5-том. / Құраст.: Б.Әбілқасымов, С.Бизақов, Ә.Жүнісбеков және т.б. – Алматы, 2011. -752 б.
A6: 2. Томы мен бетін көрсетіңіз. Сөздікті кітапханадан немесе sozdikqor.kz сайтынан қарауға болады.
A8: 2-КЕЗЕҢ. БАҚ мониторингі («БАҚ мониторингі» парағы)
A9: 3. Google іздеу жолына: site:egemen.kz "сауыт" деп жазыңыз. «Құралдар» → «Кез келген уақыт» → «Соңғы жыл» таңдаңыз. Шыққан нәтиже санын жазыңыз (мысалы, «Шамамен 45 нәтиже» болса – 45). Нәтиже жоқ болса – 0.
A10: 4. Дәл солай site:kaz.tengrinews.kz үшін де іздеңіз. Барлық сөзді бір-екі күн ішінде тексеріңіз, күнін жазыңыз.
A11: 5. Ең жаңа мақаланы ашып, сөз тұрған сөйлемді көшіріп алыңыз және сілтемесін жазыңыз. Сөйлемнің мәнмәтінін бір кодпен белгілеңіз:
A12: Ж – Жаңа мағынада: Сөз бүгінгі өмірдегі нәрсені атайды: «Мемлекет басшысының Жарлығы», «аудан әкімі»
A13: А – Атау ішінде: Сөз ұйымның, дүкеннің, жобаның, марапаттың не команданың атауында тұр: «Тұлпар» клубы
A14: Т – Тарихи-мәдени мәтінде: Сөз тарих, мұражай, әдебиет, этнография туралы мақалада өз мағынасында қолданылған
... A28: Ұ – екі сайттағы нәтиже саны 5-тен аз және көшеде кездеспесе; Ж – әйтпесе, мысалдың біреуі «Ж» болса; А – мысал «А» болса немесе көшеде кездессе; Т – қалған жағдайда.

Sheet Сөздер
A1: № | B1: Сөз | C1: Тақырыптық топ | D1: Түрі (алдын ала) | E1: Мағынасы | F1: Сөздіктегі белгі | G1: Томы
A2: 1 | B2: сауыт | C2: Әскери іс және қару-жарақ | D2: Тарихи сөз | E2: темір сақиналардан тоқылған қорғаныс киімі | F2: белгі жоқ | G2: 13-том
A3: 2 | B3: дулыға | C3: Әскери іс және қару-жарақ | D3: Тарихи сөз | E3: Соғысқа шыққан батырлардың басына киетін темірден, жезден жасалған баскиім. | F3: көн. | G3: 5-том
A4: 3 | B4: садақ | C4: Әскери іс және қару-жарақ | D4: Тарихи сөз | E4: Тобылғы, үйеңкі т.б. ағаш шыбықтарынан доғаша иіп, екі ұшын қайыспен керіп жасаған жебе атуға арналған қол қаруы | F4: көн. | G4: 12-том
A5: 4 | B5: қорамсақ | C5: Әскери іс және қару-жарақ | D5: Тарихи сөз | E5: Садақ, жай оқтарын (жебесін) салып жүруге арналған, оқ салатын қалта, оқшантай. | F5: көн. | G5: 10-том
A6: 5 | B6: сарбаз | C6: Әскери іс және қару-жарақ | D6: Архаизм | E6: жауынгер, әскери адам | F6: белгі жоқ | G6: 12-том
A7: 6 | B7: жасақ | C7: Әскери іс және қару-жарақ | D7: Архаизм | E7: Тайпа көсемінің, ханның төңірегінде топтасқан жауынгерлердің жалпы атауы. | F7: көн. | G7: 6-том
A8: 7 | B8: болыс | C8: Билік және басқару | D8: Тарихи сөз | E8: Патшалық Ресей қол астындағы Қазақстанның аумақтық әкімшілік бөлігі | F8: тар. | G8: 3-том
A9: 8 | B9: ауылнай | C9: Билік және басқару | D9: Тарихи сөз | E9: XX ғ. басында қазақ ауылдарында басқару мәселелерін шешумен және жер бөлінісімен айналысқан жергілікті билік иесі, Қазақстандағы патшалық Ресей билігінің ең төменгі қызметіндегі адам. | F9: тар. | G9: 2-том
A10: 9 | B10: уәзір | C10: Билік және басқару | D10: Тарихи сөз | E10: Кейбір шығыс елдерінің ел билеуші ханының немесе патшасының ақылшысы, кеңесшісі; лауазым аты. | F10: көн. | G10: 14-том
A11: 10 | B11: әкім | C11: Билік және басқару | D11: Архаизм | E11: Елге билік жүргізші, ел басқарушы | F11: белгі жоқ | G11: 2-том
A12: 11 | B12: құрылтай | C12: Билік және басқару | D12: Тарихи сөз | E12: ел ісін шешетін үлкен жиын | F12: тар. | G12: 10-том
A13: 12 | B13: елші | C13: Билік және басқару | D13: Архаизм | E13: бір елден екінші елге жіберілген өкіл | F13: белгі жоқ | G13: 5-том
... A27: 26 | B27: кимешек | C27: Киім және тұрмыс | D27: Тарихи сөз | E27: үлкен кісі әйелдің ақ матадан тігілген бас киімі | F27: белгі жоқ | G27: 8-том
A28: 27 | B28: шекпен | C28: Киім және тұрмыс | D28: Тарихи сөз | E28: түйе жүнінен тоқылған сырт киім | F28: сөздікте жоқ
A29: 28 | B29: кебенек | C29: Киім және тұрмыс | D29: Тарихи сөз | E29: киізден тігілген, жаңбыр өткізбейтін шапан | F29: көн. | G29: 7-том
A30: 29 | B30: кебеже | C30: Киім және тұрмыс | D30: Тарихи сөз | E30: ыдыс-аяқ пен тамақ салатын ағаш сандық | F30: көн. | G30: 7-том
A31: 30 | B31: саба | C31: Киім және тұрмыс | D31: Тарихи сөз | E31: қымыз ашытатын теріден жасалған ыдыс | F31: белгі жоқ | G31: 12-том
A32: 31 | B32: ләшкер | C32: Баламасы бар көне сөздер | D32: Архаизм | E32: әскер | F32: көн. | G32: 10-том
A33: 32 | B33: тамұқ | C33: Баламасы бар көне сөздер | D33: Архаизм | E33: тозақ | F33: белгі жоқ | G33: 13-том
A34: 33 | B34: мейман | C34: Баламасы бар көне сөздер | D34: Архаизм | E34: қонақ | F34: белгі жоқ | G34: 11-том
A35: 34 | B35: ділмар | C35: Баламасы бар көне сөздер | D35: Архаизм | E35: сөзге шебер, шешен | F35: белгі жоқ | G35: 5-том
A36: 35 | B36: нөкер | C36: Баламасы бар көне сөздер | D36: Архаизм | E36: серік, қызметші | F36: тар. | G36: 11-том
A37: 36 | B37: тұлпар | C37: Баламасы бар көне сөздер | D37: Архаизм | E37: жүйрік ат | F37: белгі жоқ | G37: 14-том
B38: басқа

Sheet БАҚ мониторингі
A1: № | B1: Сөз | C1: egemen.kz: нәтиже саны | D1: egemen.kz: мәнмәтін (код) | E1: Ең жаңа мысал (сөйлем) | F1: Сілтеме | G1: Тексерген күні
A2: 1 | B2: сауыт | C2: 8 | D2: Т | E2: Батыс Қазақстан облыстық тарихи-өлкетану мұражайында «Атадан қалған ақ сауыт» атты ұлттық қару-жарақ көрмесі ашылды. | F2: https://egemen.kz/news/article413410-atadan-qalghan-aq-sauyt | G2: 46279
A3: 2 | B3: дулыға | C3: 5 | D3: А | E3: 7-8 ақпан аралығында Франция астанасы Парижде дзюдодан Үлкен дулыға санатындағы 2026 жылдың алғашқы жарысы өтеді. | F3: https://egemen.kz/news/article405388-paridgdegi-ulken-dulygha-turnirinde-el-namysyn-kimder-qorghaydy | G3: 46279
A4: 3 | B4: садақ | C4: 10 | D4: Т | E4: Жапонияның Аичи және Нагоя қалаларында өтіп жатқан 2026 жылғы Азия ойындарында отандық спортшылардың 26 қыркүйектегі жарыс кестесі белгілі болды, деп хабарлайды Egemen.kz. | F4: https://egemen.kz/news/aziya-oyyndary-26-qyrkuyekte-zharys-zholyna-shygatyn-sportshylardyn-kestesi | G4: 46279
A5: 4 | B5: қорамсақ | C5: 10 | D5: Т | E5: Ұлы даланың батыс қиырындағы өңірлердің археологиялық картасын жасақтау 1989 жылы басталған еді. | F5: https://egemen.kz/news/araltobedegi-muzey-ekspozitsiya | G5: 46279
A6: 5 | B6: сарбаз
A7: 6 | B7: жасақ
A8: 7 | B8: болыс
A9: 8 | B9: ауылнай
A10: 9 | B10: уәзір
A11: 10 | B11: әкім
A12: 11 | B12: құрылтай
A13: 12 | B13: елші
A14: 13 | B14: жарлық
A15: 14 | B15: мәжіліс
A16: 15 | B16: кеден
A17: 16 | B17: ұлық
... A37: 36 | B37: тұлпар

Sheet Тест
A1: Код | B1: Буын | C1: сауыт: білу (0/1/2) | D1: сауыт: естиді (1/0) | E1: сарбаз: білу (0/1/2) | F1: сарбаз: естиді (1/0) | G1: болыс: білу (0/1/2) | H1: болыс: естиді (1/0) | I1: әкім: білу (0/1/2) | J1: әкім: естиді (1/0) | K1: жарлық: білу (0/1/2) | L1: жарлық: естиді (1/0) | M1: пәрмен: білу (0/1/2) | N1: пәрмен: естиді (1/0) | O1: батпан: білу (0/1/2) | P1: батпан: естиді (1/0) | Q1: тиын: білу (0/1/2) | R1: тиын: естиді (1/0) | S1: кебенек: білу (0/1/2) | T1: кебенек: естиді (1/0) | U1: сәукеле: білу (0/1/2) | V1: сәукеле: естиді (1/0) | W1: тамұқ: білу (0/1/2) | X1: тамұқ: естиді (1/0) | Y1: тұлпар: білу (0/1/2) | Z1: тұлпар: естиді (1/0)
A2: О01 | B2: Оқушылар (11–14 жас) | C2: 2 | D2: 1 | E2: 2 | F2: 1 | G2: 0 | H2: 1 | I2: 1 | K2: 1 | M2: 0 | O2: 0 | Q2: 2 | S2: 0 | U2: 2 | W2: 0 | Y2: 2
A3: О02 | B3: Оқушылар (11–14 жас) | C3: 1 | D3: 1 | E3: 2 | F3: 1 | G3: 0 | H3: 1 | I3: 2 | K3: 2 | M3: 1 | O3: 0 | Q3: 2 | S3: 0 | U3: 1 | W3: 0 | Y3: 2
A4: О03 | B4: Оқушылар (11–14 жас) | C4: 0 | D4: 1 | E4: 2 | G4: 0 | I4: 2 | K4: 1 | M4: 2 | O4: 1 | Q4: 2 | S4: 0 | U4: 2 | W4: 0 | Y4: 2
A5: О04 | B5: Оқушылар (11–14 жас) | G5: 1 | K5: 0 | O5: 1 | U5: 2
A6: О05 | B6: Оқушылар (11–14 жас) | G6: 0
A7: О06 | B7: Оқушылар (11–14 жас)
A8: Ә01 | B8: Ата-аналар (30–55 жас) | C8: 2 | D8: 1 | E8: 2 | F8: 1 | G8: 2 | H8: 0 | I8: 1 | J8: 1 | K8: 1 | L8: 1 | M8: 2 | N8: 1 | O8: 2 | P8: 1 | Q8: 2 | R8: 1 | S8: 2 | T8: 1 | U8: 2 | V8: 1 | W8: 1 | X8: 1 | Y8: 2 | Z8: 1
A9: Ә02 | B9: Ата-аналар (30–55 жас)
A10: Ә03 | B10: Ата-аналар (30–55 жас)
A11: Ә04 | B11: Ата-аналар (30–55 жас)
A12: Ә05 | B12: Ата-аналар (30–55 жас)
A13: Ә06 | B13: Ата-аналар (30–55 жас)
A14: Ү01 | B14: Ата-әжелер (60 жастан асқан) | C14: 2 | D14: 1 | E14: 2 | F14: 1 | G14: 1 | H14: 1 | I14: 1 | J14: 2 | K14: 2 | L14: 2 | M14: 1 | N14: 1 | O14: 1 | P14: 2 | Q14: 2 | R14: 2 | S14: 1 | T14: 1 | U14: 2 | V14: 1 | W14: 2 | X14: 1 | Y14: 2 | Z14: 1
A15: Ү02 | B15: Ата-әжелер (60 жастан асқан)
A16: Ү03 | B16: Ата-әжелер (60 жастан асқан)
A17: Ү04 | B17: Ата-әжелер (60 жастан асқан)
A18: Ү05 | B18: Ата-әжелер (60 жастан асқан)
A19: Ү06 | B19: Ата-әжелер (60 жастан асқан)

Sheet Қорытынды
A1: Сөздердің мәртебесі тақырыптық топтар бойынша
A2: Топ | B2: Қайта жанданған | C2: Атауда сақталған | D2: Тарихи мәтінде ғана | E2: Ұмыт болып барады | F2: Барлығы
A3: Әскери іс және қару-жарақ | B3: =('БАҚ мониторингі'!#REF!="Ж")+('БАҚ мониторингі'!#REF!="Ж")+('БАҚ мониторингі'!#REF!="Ж")+('БАҚ мониторингі'!#REF!="Ж")+('БАҚ мониторингі'!#REF!="Ж")+('БАҚ мониторингі'!#REF!="Ж") -> #REF! | C3: =('БАҚ мониторингі'!#REF!="А")+('БАҚ мониторингі'!#REF!="А")+('БАҚ мониторингі'!#REF!="А")+('БАҚ мониторингі'!#REF!="А")+('БАҚ мониторингі'!#REF!="А")+('БАҚ мониторингі'!#REF!="А") -> #REF! | D3: =('БАҚ мониторингі'!#REF!="Т")+('БАҚ мониторингі'!#REF!="Т")+('БАҚ мониторингі'!#REF!="Т")+('БАҚ мониторингі'!#REF!="Т")+('БАҚ мониторингі'!#REF!="Т")+('БАҚ мониторингі'!#REF!="Т") -> #REF! | E3: =('БАҚ мониторингі'!#REF!="Ұ")+('БАҚ мониторингі'!#REF!="Ұ")+('БАҚ мониторингі'!#REF!="Ұ")+('БАҚ мониторингі'!#REF!="Ұ")+('БАҚ мониторингі'!#REF!="Ұ")+('БАҚ мониторингі'!#REF!="Ұ") -> #REF! | F3: =SUM(B3:E3) -> #REF!
A4: Билік және басқару | B4: =('БАҚ мониторингі'!#REF!="Ж")+('БАҚ мониторингі'!#REF!="Ж")+('БАҚ мониторингі'!#REF!="Ж")+('БАҚ мониторингі'!#REF!="Ж")+('БАҚ мониторингі'!#REF!="Ж")+('БАҚ мониторингі'!#REF!="Ж") -> #REF! | C4: =('БАҚ мониторингі'!#REF!="А")+('БАҚ мониторингі'!#REF!="А")+('БАҚ мониторингі'!#REF!="А")+('БАҚ мониторингі'!#REF!="А")+('БАҚ мониторингі'!#REF!="А")+('БАҚ мониторингі'!#REF!="А") -> #REF! | D4: =('БАҚ мониторингі'!#REF!="Т")+('БАҚ мониторингі'!#REF!="Т")+('БАҚ мониторингі'!#REF!="Т")+('БАҚ мониторингі'!#REF!="Т")+('БАҚ мониторингі'!#REF!="Т")+('БАҚ мониторингі'!#REF!="Т") -> #REF! | E4: =('БАҚ мониторингі'!#REF!="Ұ")+('БАҚ мониторингі'!#REF!="Ұ")+('БАҚ мониторингі'!#REF!="Ұ")+('БАҚ мониторингі'!#REF!="Ұ")+('БАҚ мониторингі'!#REF!="Ұ")+('БАҚ мониторингі'!#REF!="Ұ") -> #REF! | F4: =SUM(B4:E4) -> #REF!
A5: Қоғам, заң, құжат | B5: =('БАҚ мониторингі'!#REF!="Ж")+('БАҚ мониторингі'!#REF!="Ж")+('БАҚ мониторингі'!#REF!="Ж")+('БАҚ мониторингі'!#REF!="Ж")+('БАҚ мониторингі'!#REF!="Ж")+('БАҚ мониторингі'!#REF!="Ж") -> #REF! | C5: =('БАҚ мониторингі'!#REF!="А")+('БАҚ мониторингі'!#REF!="А")+('БАҚ мониторингі'!#REF!="А")+('БАҚ мониторингі'!#REF!="А")+('БАҚ мониторингі'!#REF!="А")+('БАҚ мониторингі'!#REF!="А") -> #REF! | D5: =('БАҚ мониторингі'!#REF!="Т")+('БАҚ мониторингі'!#REF!="Т")+('БАҚ мониторингі'!#REF!="Т")+('БАҚ мониторингі'!#REF!="Т")+('БАҚ мониторингі'!#REF!="Т")+('БАҚ мониторингі'!#REF!="Т") -> #REF! | E5: =('БАҚ мониторингі'!#REF!="Ұ")+('БАҚ мониторингі'!#REF!="Ұ")+('БАҚ мониторингі'!#REF!="Ұ")+('БАҚ мониторингі'!#REF!="Ұ")+('БАҚ мониторингі'!#REF!="Ұ")+('БАҚ мониторингі'!#REF!="Ұ") -> #REF! | F5: =SUM(B5:E5) -> #REF!
A6: Өлшем және ақша | B6: =('БАҚ мониторингі'!#REF!="Ж")+('БАҚ мониторингі'!#REF!="Ж")+('БАҚ мониторингі'!#REF!="Ж")+('БАҚ мониторингі'!#REF!="Ж")+('БАҚ мониторингі'!#REF!="Ж")+('БАҚ мониторингі'!#REF!="Ж") -> #REF! | C6: =('БАҚ мониторингі'!#REF!="А")+('БАҚ мониторингі'!#REF!="А")+('БАҚ мониторингі'!#REF!="А")+('БАҚ мониторингі'!#REF!="А")+('БАҚ мониторингі'!#REF!="А")+('БАҚ мониторингі'!#REF!="А") -> #REF! | D6: =('БАҚ мониторингі'!#REF!="Т")+('БАҚ мониторингі'!#REF!="Т")+('БАҚ мониторингі'!#REF!="Т")+('БАҚ мониторингі'!#REF!="Т")+('БАҚ мониторингі'!#REF!="Т")+('БАҚ мониторингі'!#REF!="Т") -> #REF! | E6: =('БАҚ мониторингі'!#REF!="Ұ")+('БАҚ мониторингі'!#REF!="Ұ")+('БАҚ мониторингі'!#REF!="Ұ")+('БАҚ мониторингі'!#REF!="Ұ")+('БАҚ мониторингі'!#REF!="Ұ")+('БАҚ мониторингі'!#REF!="Ұ") -> #REF! | F6: =SUM(B6:E6) -> #REF!
A7: Киім және тұрмыс | B7: =('БАҚ мониторингі'!#REF!="Ж")+('БАҚ мониторингі'!#REF!="Ж")+('БАҚ мониторингі'!#REF!="Ж")+('БАҚ мониторингі'!#REF!="Ж")+('БАҚ мониторингі'!#REF!="Ж")+('БАҚ мониторингі'!#REF!="Ж") -> #REF! | C7: =('БАҚ мониторингі'!#REF!="А")+('БАҚ мониторингі'!#REF!="А")+('БАҚ мониторингі'!#REF!="А")+('БАҚ мониторингі'!#REF!="А")+('БАҚ мониторингі'!#REF!="А")+('БАҚ мониторингі'!#REF!="А") -> #REF! | D7: =('БАҚ мониторингі'!#REF!="Т")+('БАҚ мониторингі'!#REF!="Т")+('БАҚ мониторингі'!#REF!="Т")+('БАҚ мониторингі'!#REF!="Т")+('БАҚ мониторингі'!#REF!="Т")+('БАҚ мониторингі'!#REF!="Т") -> #REF! | E7: =('БАҚ мониторингі'!#REF!="Ұ")+('БАҚ мониторингі'!#REF!="Ұ")+('БАҚ мониторингі'!#REF!="Ұ")+('БАҚ мониторингі'!#REF!="Ұ")+('БАҚ мониторингі'!#REF!="Ұ")+('БАҚ мониторингі'!#REF!="Ұ") -> #REF! | F7: =SUM(B7:E7) -> #REF!
A8: Баламасы бар көне сөздер | B8: =('БАҚ мониторингі'!#REF!="Ж")+('БАҚ мониторингі'!#REF!="Ж")+('БАҚ мониторингі'!#REF!="Ж")+('БАҚ мониторингі'!#REF!="Ж")+('БАҚ мониторингі'!#REF!="Ж")+('БАҚ мониторингі'!#REF!="Ж") -> #REF! | C8: =('БАҚ мониторингі'!#REF!="А")+('БАҚ мониторингі'!#REF!="А")+('БАҚ мониторингі'!#REF!="А")+('БАҚ мониторингі'!#REF!="А")+('БАҚ мониторингі'!#REF!="А")+('БАҚ мониторингі'!#REF!="А") -> #REF! | D8: =('БАҚ мониторингі'!#REF!="Т")+('БАҚ мониторингі'!#REF!="Т")+('БАҚ мониторингі'!#REF!="Т")+('БАҚ мониторингі'!#REF!="Т")+('БАҚ мониторингі'!#REF!="Т")+('БАҚ мониторингі'!#REF!="Т") -> #REF! | E8: =('БАҚ мониторингі'!#REF!="Ұ")+('БАҚ мониторингі'!#REF!="Ұ")+('БАҚ мониторингі'!#REF!="Ұ")+('БАҚ мониторингі'!#REF!="Ұ")+('БАҚ мониторингі'!#REF!="Ұ")+('БАҚ мониторингі'!#REF!="Ұ") -> #REF! | F8: =SUM(B8:E8) -> #REF!
A9: Барлығы | B9: =SUM(B3:B8) -> #REF! | C9: =SUM(C3:C8) -> #REF! | D9: =SUM(D3:D8) -> #REF! | E9: =SUM(E3:E8) -> #REF! | F9: =SUM(F3:F8) -> #REF!
A11: Үш буын тесті: мағынасын дұрыс түсіндіргендер үлесі, %
A12: Сөз | B12: Оқушылар (11–14 жас) | C12: Ата-аналар (30–55 жас) | D12: Ата-әжелер (60 жастан асқан)
A13: сауыт | B13: =IFERROR(ROUND(COUNTIFS(Тест!$A$2:$A$19,"О*",Тест!$C$2:$C$19,2)/COUNTIFS(Тест!$A$2:$A$19,"О*",Тест!$C$2:$C$19,"<>")*100,1),"") -> 33.3 | C13: =IFERROR(ROUND(COUNTIFS(Тест!$A$2:$A$19,"Ә*",Тест!$C$2:$C$19,2)/COUNTIFS(Тест!$A$2:$A$19,"Ә*",Тест!$C$2:$C$19,"<>")*100,1),"") -> 100 | D13: =IFERROR(ROUND(COUNTIFS(Тест!$A$2:$A$19,"Ү*",Тест!$C$2:$C$19,2)/COUNTIFS(Тест!$A$2:$A$19,"Ү*",Тест!$C$2:$C$19,"<>")*100,1),"") -> 100
A14: сарбаз | B14: =IFERROR(ROUND(COUNTIFS(Тест!$A$2:$A$19,"О*",Тест!$E$2:$E$19,2)/COUNTIFS(Тест!$A$2:$A$19,"О*",Тест!$E$2:$E$19,"<>")*100,1),"") -> 100 | C14: =IFERROR(ROUND(COUNTIFS(Тест!$A$2:$A$19,"Ә*",Тест!$E$2:$E$19,2)/COUNTIFS(Тест!$A$2:$A$19,"Ә*",Тест!$E$2:$E$19,"<>")*100,1),"") -> 100 | D14: =IFERROR(ROUND(COUNTIFS(Тест!$A$2:$A$19,"Ү*",Тест!$E$2:$E$19,2)/COUNTIFS(Тест!$A$2:$A$19,"Ү*",Тест!$E$2:$E$19,"<>")*100,1),"") -> 100
A15: болыс | B15: =IFERROR(ROUND(COUNTIFS(Тест!$A$2:$A$19,"О*",Тест!$G$2:$G$19,2)/COUNTIFS(Тест!$A$2:$A$19,"О*",Тест!$G$2:$G$19,"<>")*100,1),"") -> 0 | C15: =IFERROR(ROUND(COUNTIFS(Тест!$A$2:$A$19,"Ә*",Тест!$G$2:$G$19,2)/COUNTIFS(Тест!$A$2:$A$19,"Ә*",Тест!$G$2:$G$19,"<>")*100,1),"") -> 100 | D15: =IFERROR(ROUND(COUNTIFS(Тест!$A$2:$A$19,"Ү*",Тест!$G$2:$G$19,2)/COUNTIFS(Тест!$A$2:$A$19,"Ү*",Тест!$G$2:$G$19,"<>")*100,1),"") -> 0
A16: әкім | B16: =IFERROR(ROUND(COUNTIFS(Тест!$A$2:$A$19,"О*",Тест!$I$2:$I$19,2)/COUNTIFS(Тест!$A$2:$A$19,"О*",Тест!$I$2:$I$19,"<>")*100,1),"") -> 66.7 | C16: =IFERROR(ROUND(COUNTIFS(Тест!$A$2:$A$19,"Ә*",Тест!$I$2:$I$19,2)/COUNTIFS(Тест!$A$2:$A$19,"Ә*",Тест!$I$2:$I$19,"<>")*100,1),"") -> 0 | D16: =IFERROR(ROUND(COUNTIFS(Тест!$A$2:$A$19,"Ү*",Тест!$I$2:$I$19,2)/COUNTIFS(Тест!$A$2:$A$19,"Ү*",Тест!$I$2:$I$19,"<>")*100,1),"") -> 0
A17: жарлық | B17: =IFERROR(ROUND(COUNTIFS(Тест!$A$2:$A$19,"О*",Тест!$K$2:$K$19,2)/COUNTIFS(Тест!$A$2:$A$19,"О*",Тест!$K$2:$K$19,"<>")*100,1),"") -> 25 | C17: =IFERROR(ROUND(COUNTIFS(Тест!$A$2:$A$19,"Ә*",Тест!$K$2:$K$19,2)/COUNTIFS(Тест!$A$2:$A$19,"Ә*",Тест!$K$2:$K$19,"<>")*100,1),"") -> 0 | D17: =IFERROR(ROUND(COUNTIFS(Тест!$A$2:$A$19,"Ү*",Тест!$K$2:$K$19,2)/COUNTIFS(Тест!$A$2:$A$19,"Ү*",Тест!$K$2:$K$19,"<>")*100,1),"") -> 100
A18: пәрмен | B18: =IFERROR(ROUND(COUNTIFS(Тест!$A$2:$A$19,"О*",Тест!$M$2:$M$19,2)/COUNTIFS(Тест!$A$2:$A$19,"О*",Тест!$M$2:$M$19,"<>")*100,1),"") -> 33.3 | C18: =IFERROR(ROUND(COUNTIFS(Тест!$A$2:$A$19,"Ә*",Тест!$M$2:$M$19,2)/COUNTIFS(Тест!$A$2:$A$19,"Ә*",Тест!$M$2:$M$19,"<>")*100,1),"") -> 100 | D18: =IFERROR(ROUND(COUNTIFS(Тест!$A$2:$A$19,"Ү*",Тест!$M$2:$M$19,2)/COUNTIFS(Тест!$A$2:$A$19,"Ү*",Тест!$M$2:$M$19,"<>")*100,1),"") -> 0
A19: батпан | B19: =IFERROR(ROUND(COUNTIFS(Тест!$A$2:$A$19,"О*",Тест!$O$2:$O$19,2)/COUNTIFS(Тест!$A$2:$A$19,"О*",Тест!$O$2:$O$19,"<>")*100,1),"") -> 0 | C19: =IFERROR(ROUND(COUNTIFS(Тест!$A$2:$A$19,"Ә*",Тест!$O$2:$O$19,2)/COUNTIFS(Тест!$A$2:$A$19,"Ә*",Тест!$O$2:$O$19,"<>")*100,1),"") -> 100 | D19: =IFERROR(ROUND(COUNTIFS(Тест!$A$2:$A$19,"Ү*",Тест!$O$2:$O$19,2)/COUNTIFS(Тест!$A$2:$A$19,"Ү*",Тест!$O$2:$O$19,"<>")*100,1),"") -> 0
A20: тиын | B20: =IFERROR(ROUND(COUNTIFS(Тест!$A$2:$A$19,"О*",Тест!$Q$2:$Q$19,2)/COUNTIFS(Тест!$A$2:$A$19,"О*",Тест!$Q$2:$Q$19,"<>")*100,1),"") -> 100 | C20: =IFERROR(ROUND(COUNTIFS(Тест!$A$2:$A$19,"Ә*",Тест!$Q$2:$Q$19,2)/COUNTIFS(Тест!$A$2:$A$19,"Ә*",Тест!$Q$2:$Q$19,"<>")*100,1),"") -> 100 | D20: =IFERROR(ROUND(COUNTIFS(Тест!$A$2:$A$19,"Ү*",Тест!$Q$2:$Q$19,2)/COUNTIFS(Тест!$A$2:$A$19,"Ү*",Тест!$Q$2:$Q$19,"<>")*100,1),"") -> 100
A21: кебенек | B21: =IFERROR(ROUND(COUNTIFS(Тест!$A$2:$A$19,"О*",Тест!$S$2:$S$19,2)/COUNTIFS(Тест!$A$2:$A$19,"О*",Тест!$S$2:$S$19,"<>")*100,1),"") -> 0 | C21: =IFERROR(ROUND(COUNTIFS(Тест!$A$2:$A$19,"Ә*",Тест!$S$2:$S$19,2)/COUNTIFS(Тест!$A$2:$A$19,"Ә*",Тест!$S$2:$S$19,"<>")*100,1),"") -> 100 | D21: =IFERROR(ROUND(COUNTIFS(Тест!$A$2:$A$19,"Ү*",Тест!$S$2:$S$19,2)/COUNTIFS(Тест!$A$2:$A$19,"Ү*",Тест!$S$2:$S$19,"<>")*100,1),"") -> 0
A22: сәукеле | B22: =IFERROR(ROUND(COUNTIFS(Тест!$A$2:$A$19,"О*",Тест!$U$2:$U$19,2)/COUNTIFS(Тест!$A$2:$A$19,"О*",Тест!$U$2:$U$19,"<>")*100,1),"") -> 75 | C22: =IFERROR(ROUND(COUNTIFS(Тест!$A$2:$A$19,"Ә*",Тест!$U$2:$U$19,2)/COUNTIFS(Тест!$A$2:$A$19,"Ә*",Тест!$U$2:$U$19,"<>")*100,1),"") -> 100 | D22: =IFERROR(ROUND(COUNTIFS(Тест!$A$2:$A$19,"Ү*",Тест!$U$2:$U$19,2)/COUNTIFS(Тест!$A$2:$A$19,"Ү*",Тест!$U$2:$U$19,"<>")*100,1),"") -> 100
A23: тамұқ | B23: =IFERROR(ROUND(COUNTIFS(Тест!$A$2:$A$19,"О*",Тест!$W$2:$W$19,2)/COUNTIFS(Тест!$A$2:$A$19,"О*",Тест!$W$2:$W$19,"<>")*100,1),"") -> 0 | C23: =IFERROR(ROUND(COUNTIFS(Тест!$A$2:$A$19,"Ә*",Тест!$W$2:$W$19,2)/COUNTIFS(Тест!$A$2:$A$19,"Ә*",Тест!$W$2:$W$19,"<>")*100,1),"") -> 0 | D23: =IFERROR(ROUND(COUNTIFS(Тест!$A$2:$A$19,"Ү*",Тест!$W$2:$W$19,2)/COUNTIFS(Тест!$A$2:$A$19,"Ү*",Тест!$W$2:$W$19,"<>")*100,1),"") -> 100
A24: тұлпар | B24: =IFERROR(ROUND(COUNTIFS(Тест!$A$2:$A$19,"О*",Тест!$Y$2:$Y$19,2)/COUNTIFS(Тест!$A$2:$A$19,"О*",Тест!$Y$2:$Y$19,"<>")*100,1),"") -> 100 | C24: =IFERROR(ROUND(COUNTIFS(Тест!$A$2:$A$19,"Ә*",Тест!$Y$2:$Y$19,2)/COUNTIFS(Тест!$A$2:$A$19,"Ә*",Тест!$Y$2:$Y$19,"<>")*100,1),"") -> 100 | D24: =IFERROR(ROUND(COUNTIFS(Тест!$A$2:$A$19,"Ү*",Тест!$Y$2:$Y$19,2)/COUNTIFS(Тест!$A$2:$A$19,"Ү*",Тест!$Y$2:$Y$19,"<>")*100,1),"") -> 100
A26: Лингвистикалық серуен: нысан түрлері
A27: Нысан түрі | B27: Жазу саны
A28: Дүкен, сауда орны | B28: =COUNTIF(#REF!,A28) -> #REF!
A29: Кафе, мейрамхана | B29: =COUNTIF(#REF!,A29) -> #REF!
A30: Мекеме, ұйым | B30: =COUNTIF(#REF!,A30) -> #REF!
A31: Көше, аялдама | B31: =COUNTIF(#REF!,A31) -> #REF!
A32: Жарнама, баннер | B32: =COUNTIF(#REF!,A32) -> #REF!
A33: Басқа | B33: =COUNTIF(#REF!,A33) -> #REF!
