Workbook

Sheet Нұсқау
A1: ЗЕРТТЕУ КЕСТЕСІН ТОЛТЫРУ НҰСҚАУЫ
A2: Сары ұяшықтарды ғана толтырыңыз. «Мәртебе» бағаны мен «Қорытынды» парағы өздігінен есептеледі. Парақтарды, бағандарды өшірмеңіз.
A4: 1-КЕЗЕҢ. Сөздікпен тексеру («Сөздер» парағы)
A5: 1. Әр сөзді «Қазақ әдеби тілінің сөздігінен» (15 томдық) тауып, оның жанындағы белгіні жазыңыз: «көн.» (көнерген), «тар.» (тарихи), белгі жоқ немесе сөздікте жоқ.
A6: 2. Томын көрсетіңіз. Сөздікте берілген анықтаманы «Мағынасы» бағанына көшіріп алуға болады.
A8: 2-КЕЗЕҢ. БАҚ мониторингі («БАҚ мониторингі» парағы)
A9: 3. Google іздеу жолына: site:egemen.kz "сауыт" деп жазыңыз. «Құралдар» → «Кез келген уақыт» → «Соңғы жыл» таңдаңыз. Шыққан нәтиже санын жазыңыз (мысалы, «Шамамен 45 нәтиже» болса – 45). Нәтиже жоқ болса – 0.
A10: 4. Барлық сөзді бір-екі күн ішінде тексеріңіз, күнін жазыңыз.
A11: 5. Ең жаңа мақаланы ашып, сөз ТҰРҒАН сөйлемді көшіріп алыңыз (мақаланың бірінші сөйлемін емес) және сілтемесін жазыңыз. Сөйлемнің мәнмәтінін бір кодпен белгілеңіз:
A12: Ж – Жаңа мағынада: Сөз бүгінгі өмірдегі нәрсені атайды: «Мемлекет басшысының Жарлығы», «аудан әкімі»
A13: А – Атау ішінде: Сөз ұйымның, дүкеннің, жобаның, марапаттың не команданың атауында тұр: «Тұлпар» клубы
A14: Т – Тарихи-мәдени мәтінде: Сөз тарих, мұражай, әдебиет, этнография туралы мақалада өз мағынасында қолданылған
... A23: Ұ – нәтиже саны 5-тен аз болса; Ж – әйтпесе, мысал «Ж» болса; А – мысал «А» болса; Т – қалған жағдайда («Т» не «Б»).

Sheet Сөздер
A1: № | B1: Сөз | C1: Тақырыптық топ | D1: Түрі (алдын ала) | E1: Мағынасы | F1: Сөздіктегі белгі | G1: Томы
A2: 1 | B2: сауыт | C2: Әскери іс және қару-жарақ | D2: Тарихи сөз | E2: темір сақиналардан тоқылған қорғаныс киімі | F2: белгі жоқ | G2: 13-том
A3: 2 | B3: дулыға | C3: Әскери іс және қару-жарақ | D3: Тарихи сөз | E3: Соғысқа шыққан батырлардың басына киетін темірден, жезден жасалған баскиім. | F3: көн. | G3: 5-том
A4: 3 | B4: садақ | C4: Әскери іс және қару-жарақ | D4: Тарихи сөз | E4: Тобылғы, үйеңкі т.б. ағаш шыбықтарынан доғаша иіп, екі ұшын қайыспен керіп жасаған жебе атуға арналған қол қаруы | F4: көн. | G4: 12-том
A5: 4 | B5: қорамсақ | C5: Әскери іс және қару-жарақ | D5: Тарихи сөз | E5: Садақ, жай оқтарын (жебесін) салып жүруге арналған, оқ салатын қалта, оқшантай. | F5: көн. | G5: 10-том
A6: 5 | B6: сарбаз | C6: Әскери іс және қару-жарақ | D6: Архаизм | E6: жауынгер, әскери адам | F6: белгі жоқ | G6: 12-том
A7: 6 | B7: жасақ | C7: Әскери іс және қару-жарақ | D7: Архаизм | E7: Тайпа көсемінің, ханның төңірегінде топтасқан жауынгерлердің жалпы атауы. | F7: көн. | G7: 6-том
A8: 7 | B8: болыс | C8: Билік және басқару | D8: Тарихи сөз | E8: Патшалық Ресей қол астындағы Қазақстанның аумақтық әкімшілік бөлігі | F8: тар. | G8: 3-том
A9: 8 | B9: ауылнай | C9: Билік және басқару | D9: Тарихи сөз | E9: XX ғ. басында қазақ ауылдарында басқару мәселелерін шешумен және жер бөлінісімен айналысқан жергілікті билік иесі, Қазақстандағы патшалық Ресей билігінің ең төменгі қызметіндегі адам. | F9: тар. | G9: 2-том
A10: 9 | B10: уәзір | C10: Билік және басқару | D10: Тарихи сөз | E10: Кейбір шығыс елдерінің ел билеуші ханының немесе патшасының ақылшысы, кеңесшісі; лауазым аты. | F10: көн. | G10: 14-том
A11: 10 | B11: әкім | C11: Билік және басқару | D11: Архаизм | E11: Елге билік жүргізші, ел басқарушы | F11: белгі жоқ | G11: 2-том
A12: 11 | B12: құрылтай | C12: Билік және басқару | D12: Тарихи сөз | E12: ел ісін шешетін үлкен жиын | F12: тар. | G12: 10-том
A13: 12 | B13: елші | C13: Билік және басқару | D13: Архаизм | E13: бір елден екінші елге жіберілген өкіл | F13: белгі жоқ | G13: 5-том
... A27: 26 | B27: кимешек | C27: Киім және тұрмыс | D27: Тарихи сөз | E27: үлкен кісі әйелдің ақ матадан тігілген бас киімі | F27: белгі жоқ | G27: 8-том
A28: 27 | B28: шекпен | C28: Киім және тұрмыс | D28: Тарихи сөз | E28: түйе жүнінен тоқылған сырт киім | F28: сөздікте жоқ
A29: 28 | B29: кебенек | C29: Киім және тұрмыс | D29: Тарихи сөз | E29: киізден тігілген, жаңбыр өткізбейтін шапан | F29: көн. | G29: 7-том
A30: 29 | B30: кебеже | C30: Киім және тұрмыс | D30: Тарихи сөз | E30: ыдыс-аяқ пен тамақ салатын ағаш сандық | F30: көн. | G30: 7-том
A31: 30 | B31: саба | C31: Киім және тұрмыс | D31: Тарихи сөз | E31: қымыз ашытатын теріден жасалған ыдыс | F31: белгі жоқ | G31: 12-том
A32: 31 | B32: ләшкер | C32: Баламасы бар көне сөздер | D32: Архаизм | E32: әскер | F32: көн. | G32: 10-том
A33: 32 | B33: тамұқ | C33: Баламасы бар көне сөздер | D33: Архаизм | E33: тозақ | F33: белгі жоқ | G33: 13-том
A34: 33 | B34: мейман | C34: Баламасы бар көне сөздер | D34: Архаизм | E34: қонақ | F34: белгі жоқ | G34: 11-том
A35: 34 | B35: ділмар | C35: Баламасы бар көне сөздер | D35: Архаизм | E35: сөзге шебер, шешен | F35: белгі жоқ | G35: 5-том
A36: 35 | B36: нөкер | C36: Баламасы бар көне сөздер | D36: Архаизм | E36: серік, қызметші | F36: тар. | G36: 11-том
A37: 36 | B37: тұлпар | C37: Баламасы бар көне сөздер | D37: Архаизм | E37: жүйрік ат | F37: белгі жоқ | G37: 14-том

Sheet БАҚ мониторингі
A1: № | B1: Сөз | C1: egemen.kz: нәтиже саны | D1: egemen.kz: мәнмәтін (код) | E1: Ең жаңа мысал (сөйлем) | F1: Сілтеме | G1: Тексерген күні | H1: Мәртебе
A2: 1 | B2: сауыт | C2: 8 | D2: Т | E2: Батыс Қазақстан облыстық тарихи-өлкетану мұражайында «Атадан қалған ақ сауыт» атты ұлттық қару-жарақ көрмесі ашылды. | F2: https://egemen.kz/news/article413410-atadan-qalghan-aq-sauyt | G2: 46279 | H2: =IF(C2="","",IF(N(C2)<5,"Ұ",IF(D2="Ж","Ж",IF(D2="А","А","Т"))))
A3: 2 | B3: дулыға | C3: 5 | D3: А | E3: 7-8 ақпан аралығында Франция астанасы Парижде дзюдодан Үлкен дулыға санатындағы 2026 жылдың алғашқы жарысы өтеді. | F3: https://egemen.kz/news/article405388-paridgdegi-ulken-dulygha-turnirinde-el-namysyn-kimder-qorghaydy | G3: 46279 | H3: =IF(C3="","",IF(N(C3)<5,"Ұ",IF(D3="Ж","Ж",IF(D3="А","А","Т"))))
A4: 3 | B4: садақ | C4: 10 | D4: Т | E4: Жапонияның Аичи және Нагоя қалаларында өтіп жатқан 2026 жылғы Азия ойындарында отандық спортшылардың 26 қыркүйектегі жарыс кестесі белгілі болды, деп хабарлайды Egemen.kz. | F4: https://egemen.kz/news/aziya-oyyndary-26-qyrkuyekte-zharys-zholyna-shygatyn-sportshylardyn-kestesi | G4: 46279 | H4: =IF(C4="","",IF(N(C4)<5,"Ұ",IF(D4="Ж","Ж",IF(D4="А","А","Т"))))
A5: 4 | B5: қорамсақ | C5: 10 | D5: Т | E5: Ұлы даланың батыс қиырындағы өңірлердің археологиялық картасын жасақтау 1989 жылы басталған еді. | F5: https://egemen.kz/news/araltobedegi-muzey-ekspozitsiya | G5: 46279 | H5: =IF(C5="","",IF(N(C5)<5,"Ұ",IF(D5="Ж","Ж",IF(D5="А","А","Т"))))
A6: 5 | B6: сарбаз | H6: =IF(C6="","",IF(N(C6)<5,"Ұ",IF(D6="Ж","Ж",IF(D6="А","А","Т"))))
A7: 6 | B7: жасақ | H7: =IF(C7="","",IF(N(C7)<5,"Ұ",IF(D7="Ж","Ж",IF(D7="А","А","Т"))))
A8: 7 | B8: болыс | H8: =IF(C8="","",IF(N(C8)<5,"Ұ",IF(D8="Ж","Ж",IF(D8="А","А","Т"))))
A9: 8 | B9: ауылнай | H9: =IF(C9="","",IF(N(C9)<5,"Ұ",IF(D9="Ж","Ж",IF(D9="А","А","Т"))))
A10: 9 | B10: уәзір | H10: =IF(C10="","",IF(N(C10)<5,"Ұ",IF(D10="Ж","Ж",IF(D10="А","А","Т"))))
A11: 10 | B11: әкім | H11: =IF(C11="","",IF(N(C11)<5,"Ұ",IF(D11="Ж","Ж",IF(D11="А","А","Т"))))
A12: 11 | B12: құрылтай | H12: =IF(C12="","",IF(N(C12)<5,"Ұ",IF(D12="Ж","Ж",IF(D12="А","А","Т"))))
A13: 12 | B13: елші | H13: =IF(C13="","",IF(N(C13)<5,"Ұ",IF(D13="Ж","Ж",IF(D13="А","А","Т"))))
A14: 13 | B14: жарлық | H14: =IF(C14="","",IF(N(C14)<5,"Ұ",IF(D14="Ж","Ж",IF(D14="А","А","Т"))))
A15: 14 | B15: мәжіліс | H15: =IF(C15="","",IF(N(C15)<5,"Ұ",IF(D15="Ж","Ж",IF(D15="А","А","Т"))))
A16: 15 | B16: кеден | H16: =IF(C16="","",IF(N(C16)<5,"Ұ",IF(D16="Ж","Ж",IF(D16="А","А","Т"))))
A17: 16 | B17: ұлық | H17: =IF(C17="","",IF(N(C17)<5,"Ұ",IF(D17="Ж","Ж",IF(D17="А","А","Т"))))
... A37: 36 | B37: тұлпар | H37: =IF(C37="","",IF(N(C37)<5,"Ұ",IF(D37="Ж","Ж",IF(D37="А","А","Т"))))

Sheet Тест
A1: Код | B1: Буын | C1: сауыт: білу (0/1/2) | D1: сауыт: естиді (1/0) | E1: сарбаз: білу (0/1/2) | F1: сарбаз: естиді (1/0) | G1: болыс: білу (0/1/2) | H1: болыс: естиді (1/0) | I1: әкім: білу (0/1/2) | J1: әкім: естиді (1/0) | K1: жарлық: білу (0/1/2) | L1: жарлық: естиді (1/0) | M1: пәрмен: білу (0/1/2) | N1: пәрмен: естиді (1/0) | O1: батпан: білу (0/1/2) | P1: батпан: естиді (1/0) | Q1: тиын: білу (0/1/2) | R1: тиын: естиді (1/0) | S1: кебенек: білу (0/1/2) | T1: кебенек: естиді (1/0) | U1: сәукеле: білу (0/1/2) | V1: сәукеле: естиді (1/0) | W1: тамұқ: білу (0/1/2) | X1: тамұқ: естиді (1/0) | Y1: тұлпар: білу (0/1/2) | Z1: тұлпар: естиді (1/0)
A2: О01 | B2: Оқушылар (11–14 жас) | C2: 2 | D2: 1 | E2: 2 | F2: 1 | G2: 0 | H2: 1 | I2: 1 | K2: 1 | M2: 0 | O2: 0 | Q2: 2 | S2: 0 | U2: 2 | W2: 0 | Y2: 2
A3: О02 | B3: Оқушылар (11–14 жас) | C3: 1 | D3: 1 | E3: 2 | F3: 1 | G3: 0 | H3: 1 | I3: 2 | K3: 2 | M3: 1 | O3: 0 | Q3: 2 | S3: 0 | U3: 1 | W3: 0 | Y3: 2
A4: О03 | B4: Оқушылар (11–14 жас) | C4: 0 | D4: 1 | E4: 2 | G4: 0 | I4: 2 | K4: 1 | M4: 2 | O4: 1 | Q4: 2 | S4: 0 | U4: 2 | W4: 0 | Y4: 2
A5: О04 | B5: Оқушылар (11–14 жас) | G5: 1 | K5: 0 | O5: 1 | U5: 2
A6: О05 | B6: Оқушылар (11–14 жас) | G6: 0
A7: О06 | B7: Оқушылар (11–14 жас)
A8: Ә01 | B8: Ата-аналар (30–55 жас) | C8: 2 | D8: 1 | E8: 2 | F8: 1 | G8: 2 | H8: 0 | I8: 1 | J8: 1 | K8: 1 | L8: 1 | M8: 2 | N8: 1 | O8: 2 | P8: 1 | Q8: 2 | R8: 1 | S8: 2 | T8: 1 | U8: 2 | V8: 1 | W8: 1 | X8: 1 | Y8: 2 | Z8: 1
A9: Ә02 | B9: Ата-аналар (30–55 жас)
A10: Ә03 | B10: Ата-аналар (30–55 жас)
A11: Ә04 | B11: Ата-аналар (30–55 жас)
A12: Ә05 | B12: Ата-аналар (30–55 жас)
A13: Ә06 | B13: Ата-аналар (30–55 жас)
A14: Ү01 | B14: Ата-әжелер (60 жастан асқан) | C14: 2 | D14: 1 | E14: 2 | F14: 1 | G14: 1 | H14: 1 | I14: 1 | J14: 2 | K14: 2 | L14: 2 | M14: 1 | N14: 1 | O14: 1 | P14: 2 | Q14: 2 | R14: 2 | S14: 1 | T14: 1 | U14: 2 | V14: 1 | W14: 2 | X14: 1 | Y14: 2 | Z14: 1
A15: Ү02 | B15: Ата-әжелер (60 жастан асқан)
A16: Ү03 | B16: Ата-әжелер (60 жастан асқан)
A17: Ү04 | B17: Ата-әжелер (60 жастан асқан)
A18: Ү05 | B18: Ата-әжелер (60 жастан асқан)
A19: Ү06 | B19: Ата-әжелер (60 жастан асқан)

Sheet Қорытынды
A1: Сөздердің мәртебесі тақырыптық топтар бойынша
A2: Топ | B2: Қайта жанданған | C2: Атауда сақталған | D2: Тарихи мәтінде ғана | E2: Ұмыт болып барады | F2: Барлығы
A3: Әскери іс және қару-жарақ | B3: =('БАҚ мониторингі'!H2="Ж")+('БАҚ мониторингі'!H3="Ж")+('БАҚ мониторингі'!H4="Ж")+('БАҚ мониторингі'!H5="Ж")+('БАҚ мониторингі'!H6="Ж")+('БАҚ мониторингі'!H7="Ж") | C3: =('БАҚ мониторингі'!H2="А")+('БАҚ мониторингі'!H3="А")+('БАҚ мониторингі'!H4="А")+('БАҚ мониторингі'!H5="А")+('БАҚ мониторингі'!H6="А")+('БАҚ мониторингі'!H7="А") | D3: =('БАҚ мониторингі'!H2="Т")+('БАҚ мониторингі'!H3="Т")+('БАҚ мониторингі'!H4="Т")+('БАҚ мониторингі'!H5="Т")+('БАҚ мониторингі'!H6="Т")+('БАҚ мониторингі'!H7="Т") | E3: =('БАҚ мониторингі'!H2="Ұ")+('БАҚ мониторингі'!H3="Ұ")+('БАҚ мониторингі'!H4="Ұ")+('БАҚ мониторингі'!H5="Ұ")+('БАҚ мониторингі'!H6="Ұ")+('БАҚ мониторингі'!H7="Ұ") | F3: =SUM(B3:E3)
A4: Билік және басқару | B4: =('БАҚ мониторингі'!H8="Ж")+('БАҚ мониторингі'!H9="Ж")+('БАҚ мониторингі'!H10="Ж")+('БАҚ мониторингі'!H11="Ж")+('БАҚ мониторингі'!H12="Ж")+('БАҚ мониторингі'!H13="Ж") | C4: =('БАҚ мониторингі'!H8="А")+('БАҚ мониторингі'!H9="А")+('БАҚ мониторингі'!H10="А")+('БАҚ мониторингі'!H11="А")+('БАҚ мониторингі'!H12="А")+('БАҚ мониторингі'!H13="А") | D4: =('БАҚ мониторингі'!H8="Т")+('БАҚ мониторингі'!H9="Т")+('БАҚ мониторингі'!H10="Т")+('БАҚ мониторингі'!H11="Т")+('БАҚ мониторингі'!H12="Т")+('БАҚ мониторингі'!H13="Т") | E4: =('БАҚ мониторингі'!H8="Ұ")+('БАҚ мониторингі'!H9="Ұ")+('БАҚ мониторингі'!H10="Ұ")+('БАҚ мониторингі'!H11="Ұ")+('БАҚ мониторингі'!H12="Ұ")+('БАҚ мониторингі'!H13="Ұ") | F4: =SUM(B4:E4)
A5: Қоғам, заң, құжат | B5: =('БАҚ мониторингі'!H14="Ж")+('БАҚ мониторингі'!H15="Ж")+('БАҚ мониторингі'!H16="Ж")+('БАҚ мониторингі'!H17="Ж")+('БАҚ мониторингі'!H18="Ж")+('БАҚ мониторингі'!H19="Ж") | C5: =('БАҚ мониторингі'!H14="А")+('БАҚ мониторингі'!H15="А")+('БАҚ мониторингі'!H16="А")+('БАҚ мониторингі'!H17="А")+('БАҚ мониторингі'!H18="А")+('БАҚ мониторингі'!H19="А") | D5: =('БАҚ мониторингі'!H14="Т")+('БАҚ мониторингі'!H15="Т")+('БАҚ мониторингі'!H16="Т")+('БАҚ мониторингі'!H17="Т")+('БАҚ мониторингі'!H18="Т")+('БАҚ мониторингі'!H19="Т") | E5: =('БАҚ мониторингі'!H14="Ұ")+('БАҚ мониторингі'!H15="Ұ")+('БАҚ мониторингі'!H16="Ұ")+('БАҚ мониторингі'!H17="Ұ")+('БАҚ мониторингі'!H18="Ұ")+('БАҚ мониторингі'!H19="Ұ") | F5: =SUM(B5:E5)
A6: Өлшем және ақша | B6: =('БАҚ мониторингі'!H20="Ж")+('БАҚ мониторингі'!H21="Ж")+('БАҚ мониторингі'!H22="Ж")+('БАҚ мониторингі'!H23="Ж")+('БАҚ мониторингі'!H24="Ж")+('БАҚ мониторингі'!H25="Ж") | C6: =('БАҚ мониторингі'!H20="А")+('БАҚ мониторингі'!H21="А")+('БАҚ мониторингі'!H22="А")+('БАҚ мониторингі'!H23="А")+('БАҚ мониторингі'!H24="А")+('БАҚ мониторингі'!H25="А") | D6: =('БАҚ мониторингі'!H20="Т")+('БАҚ мониторингі'!H21="Т")+('БАҚ мониторингі'!H22="Т")+('БАҚ мониторингі'!H23="Т")+('БАҚ мониторингі'!H24="Т")+('БАҚ мониторингі'!H25="Т") | E6: =('БАҚ мониторингі'!H20="Ұ")+('БАҚ мониторингі'!H21="Ұ")+('БАҚ мониторингі'!H22="Ұ")+('БАҚ мониторингі'!H23="Ұ")+('БАҚ мониторингі'!H24="Ұ")+('БАҚ мониторингі'!H25="Ұ") | F6: =SUM(B6:E6)
A7: Киім және тұрмыс | B7: =('БАҚ мониторингі'!H26="Ж")+('БАҚ мониторингі'!H27="Ж")+('БАҚ мониторингі'!H28="Ж")+('БАҚ мониторингі'!H29="Ж")+('БАҚ мониторингі'!H30="Ж")+('БАҚ мониторингі'!H31="Ж") | C7: =('БАҚ мониторингі'!H26="А")+('БАҚ мониторингі'!H27="А")+('БАҚ мониторингі'!H28="А")+('БАҚ мониторингі'!H29="А")+('БАҚ мониторингі'!H30="А")+('БАҚ мониторингі'!H31="А") | D7: =('БАҚ мониторингі'!H26="Т")+('БАҚ мониторингі'!H27="Т")+('БАҚ мониторингі'!H28="Т")+('БАҚ мониторингі'!H29="Т")+('БАҚ мониторингі'!H30="Т")+('БАҚ мониторингі'!H31="Т") | E7: =('БАҚ мониторингі'!H26="Ұ")+('БАҚ мониторингі'!H27="Ұ")+('БАҚ мониторингі'!H28="Ұ")+('БАҚ мониторингі'!H29="Ұ")+('БАҚ мониторингі'!H30="Ұ")+('БАҚ мониторингі'!H31="Ұ") | F7: =SUM(B7:E7)
A8: Баламасы бар көне сөздер | B8: =('БАҚ мониторингі'!H32="Ж")+('БАҚ мониторингі'!H33="Ж")+('БАҚ мониторингі'!H34="Ж")+('БАҚ мониторингі'!H35="Ж")+('БАҚ мониторингі'!H36="Ж")+('БАҚ мониторингі'!H37="Ж") | C8: =('БАҚ мониторингі'!H32="А")+('БАҚ мониторингі'!H33="А")+('БАҚ мониторингі'!H34="А")+('БАҚ мониторингі'!H35="А")+('БАҚ мониторингі'!H36="А")+('БАҚ мониторингі'!H37="А") | D8: =('БАҚ мониторингі'!H32="Т")+('БАҚ мониторингі'!H33="Т")+('БАҚ мониторингі'!H34="Т")+('БАҚ мониторингі'!H35="Т")+('БАҚ мониторингі'!H36="Т")+('БАҚ мониторингі'!H37="Т") | E8: =('БАҚ мониторингі'!H32="Ұ")+('БАҚ мониторингі'!H33="Ұ")+('БАҚ мониторингі'!H34="Ұ")+('БАҚ мониторингі'!H35="Ұ")+('БАҚ мониторингі'!H36="Ұ")+('БАҚ мониторингі'!H37="Ұ") | F8: =SUM(B8:E8)
A9: Барлығы | B9: =SUM(B3:B8) | C9: =SUM(C3:C8) | D9: =SUM(D3:D8) | E9: =SUM(E3:E8) | F9: =SUM(F3:F8)
A11: Үш буын тесті: мағынасын дұрыс түсіндіргендер үлесі, %
A12: Сөз | B12: Оқушылар (11–14 жас) | C12: Ата-аналар (30–55 жас) | D12: Ата-әжелер (60 жастан асқан)
A13: сауыт | B13: =IFERROR(ROUND(COUNTIFS(Тест!$A$2:$A$19,"О*",Тест!$C$2:$C$19,2)/COUNTIFS(Тест!$A$2:$A$19,"О*",Тест!$C$2:$C$19,"<>")*100,1),"") | C13: =IFERROR(ROUND(COUNTIFS(Тест!$A$2:$A$19,"Ә*",Тест!$C$2:$C$19,2)/COUNTIFS(Тест!$A$2:$A$19,"Ә*",Тест!$C$2:$C$19,"<>")*100,1),"") | D13: =IFERROR(ROUND(COUNTIFS(Тест!$A$2:$A$19,"Ү*",Тест!$C$2:$C$19,2)/COUNTIFS(Тест!$A$2:$A$19,"Ү*",Тест!$C$2:$C$19,"<>")*100,1),"")
A14: сарбаз | B14: =IFERROR(ROUND(COUNTIFS(Тест!$A$2:$A$19,"О*",Тест!$E$2:$E$19,2)/COUNTIFS(Тест!$A$2:$A$19,"О*",Тест!$E$2:$E$19,"<>")*100,1),"") | C14: =IFERROR(ROUND(COUNTIFS(Тест!$A$2:$A$19,"Ә*",Тест!$E$2:$E$19,2)/COUNTIFS(Тест!$A$2:$A$19,"Ә*",Тест!$E$2:$E$19,"<>")*100,1),"") | D14: =IFERROR(ROUND(COUNTIFS(Тест!$A$2:$A$19,"Ү*",Тест!$E$2:$E$19,2)/COUNTIFS(Тест!$A$2:$A$19,"Ү*",Тест!$E$2:$E$19,"<>")*100,1),"")
A15: болыс | B15: =IFERROR(ROUND(COUNTIFS(Тест!$A$2:$A$19,"О*",Тест!$G$2:$G$19,2)/COUNTIFS(Тест!$A$2:$A$19,"О*",Тест!$G$2:$G$19,"<>")*100,1),"") | C15: =IFERROR(ROUND(COUNTIFS(Тест!$A$2:$A$19,"Ә*",Тест!$G$2:$G$19,2)/COUNTIFS(Тест!$A$2:$A$19,"Ә*",Тест!$G$2:$G$19,"<>")*100,1),"") | D15: =IFERROR(ROUND(COUNTIFS(Тест!$A$2:$A$19,"Ү*",Тест!$G$2:$G$19,2)/COUNTIFS(Тест!$A$2:$A$19,"Ү*",Тест!$G$2:$G$19,"<>")*100,1),"")
A16: әкім | B16: =IFERROR(ROUND(COUNTIFS(Тест!$A$2:$A$19,"О*",Тест!$I$2:$I$19,2)/COUNTIFS(Тест!$A$2:$A$19,"О*",Тест!$I$2:$I$19,"<>")*100,1),"") | C16: =IFERROR(ROUND(COUNTIFS(Тест!$A$2:$A$19,"Ә*",Тест!$I$2:$I$19,2)/COUNTIFS(Тест!$A$2:$A$19,"Ә*",Тест!$I$2:$I$19,"<>")*100,1),"") | D16: =IFERROR(ROUND(COUNTIFS(Тест!$A$2:$A$19,"Ү*",Тест!$I$2:$I$19,2)/COUNTIFS(Тест!$A$2:$A$19,"Ү*",Тест!$I$2:$I$19,"<>")*100,1),"")
A17: жарлық | B17: =IFERROR(ROUND(COUNTIFS(Тест!$A$2:$A$19,"О*",Тест!$K$2:$K$19,2)/COUNTIFS(Тест!$A$2:$A$19,"О*",Тест!$K$2:$K$19,"<>")*100,1),"") | C17: =IFERROR(ROUND(COUNTIFS(Тест!$A$2:$A$19,"Ә*",Тест!$K$2:$K$19,2)/COUNTIFS(Тест!$A$2:$A$19,"Ә*",Тест!$K$2:$K$19,"<>")*100,1),"") | D17: =IFERROR(ROUND(COUNTIFS(Тест!$A$2:$A$19,"Ү*",Тест!$K$2:$K$19,2)/COUNTIFS(Тест!$A$2:$A$19,"Ү*",Тест!$K$2:$K$19,"<>")*100,1),"")
A18: пәрмен | B18: =IFERROR(ROUND(COUNTIFS(Тест!$A$2:$A$19,"О*",Тест!$M$2:$M$19,2)/COUNTIFS(Тест!$A$2:$A$19,"О*",Тест!$M$2:$M$19,"<>")*100,1),"") | C18: =IFERROR(ROUND(COUNTIFS(Тест!$A$2:$A$19,"Ә*",Тест!$M$2:$M$19,2)/COUNTIFS(Тест!$A$2:$A$19,"Ә*",Тест!$M$2:$M$19,"<>")*100,1),"") | D18: =IFERROR(ROUND(COUNTIFS(Тест!$A$2:$A$19,"Ү*",Тест!$M$2:$M$19,2)/COUNTIFS(Тест!$A$2:$A$19,"Ү*",Тест!$M$2:$M$19,"<>")*100,1),"")
A19: батпан | B19: =IFERROR(ROUND(COUNTIFS(Тест!$A$2:$A$19,"О*",Тест!$O$2:$O$19,2)/COUNTIFS(Тест!$A$2:$A$19,"О*",Тест!$O$2:$O$19,"<>")*100,1),"") | C19: =IFERROR(ROUND(COUNTIFS(Тест!$A$2:$A$19,"Ә*",Тест!$O$2:$O$19,2)/COUNTIFS(Тест!$A$2:$A$19,"Ә*",Тест!$O$2:$O$19,"<>")*100,1),"") | D19: =IFERROR(ROUND(COUNTIFS(Тест!$A$2:$A$19,"Ү*",Тест!$O$2:$O$19,2)/COUNTIFS(Тест!$A$2:$A$19,"Ү*",Тест!$O$2:$O$19,"<>")*100,1),"")
A20: тиын | B20: =IFERROR(ROUND(COUNTIFS(Тест!$A$2:$A$19,"О*",Тест!$Q$2:$Q$19,2)/COUNTIFS(Тест!$A$2:$A$19,"О*",Тест!$Q$2:$Q$19,"<>")*100,1),"") | C20: =IFERROR(ROUND(COUNTIFS(Тест!$A$2:$A$19,"Ә*",Тест!$Q$2:$Q$19,2)/COUNTIFS(Тест!$A$2:$A$19,"Ә*",Тест!$Q$2:$Q$19,"<>")*100,1),"") | D20: =IFERROR(ROUND(COUNTIFS(Тест!$A$2:$A$19,"Ү*",Тест!$Q$2:$Q$19,2)/COUNTIFS(Тест!$A$2:$A$19,"Ү*",Тест!$Q$2:$Q$19,"<>")*100,1),"")
A21: кебенек | B21: =IFERROR(ROUND(COUNTIFS(Тест!$A$2:$A$19,"О*",Тест!$S$2:$S$19,2)/COUNTIFS(Тест!$A$2:$A$19,"О*",Тест!$S$2:$S$19,"<>")*100,1),"") | C21: =IFERROR(ROUND(COUNTIFS(Тест!$A$2:$A$19,"Ә*",Тест!$S$2:$S$19,2)/COUNTIFS(Тест!$A$2:$A$19,"Ә*",Тест!$S$2:$S$19,"<>")*100,1),"") | D21: =IFERROR(ROUND(COUNTIFS(Тест!$A$2:$A$19,"Ү*",Тест!$S$2:$S$19,2)/COUNTIFS(Тест!$A$2:$A$19,"Ү*",Тест!$S$2:$S$19,"<>")*100,1),"")
A22: сәукеле | B22: =IFERROR(ROUND(COUNTIFS(Тест!$A$2:$A$19,"О*",Тест!$U$2:$U$19,2)/COUNTIFS(Тест!$A$2:$A$19,"О*",Тест!$U$2:$U$19,"<>")*100,1),"") | C22: =IFERROR(ROUND(COUNTIFS(Тест!$A$2:$A$19,"Ә*",Тест!$U$2:$U$19,2)/COUNTIFS(Тест!$A$2:$A$19,"Ә*",Тест!$U$2:$U$19,"<>")*100,1),"") | D22: =IFERROR(ROUND(COUNTIFS(Тест!$A$2:$A$19,"Ү*",Тест!$U$2:$U$19,2)/COUNTIFS(Тест!$A$2:$A$19,"Ү*",Тест!$U$2:$U$19,"<>")*100,1),"")
A23: тамұқ | B23: =IFERROR(ROUND(COUNTIFS(Тест!$A$2:$A$19,"О*",Тест!$W$2:$W$19,2)/COUNTIFS(Тест!$A$2:$A$19,"О*",Тест!$W$2:$W$19,"<>")*100,1),"") | C23: =IFERROR(ROUND(COUNTIFS(Тест!$A$2:$A$19,"Ә*",Тест!$W$2:$W$19,2)/COUNTIFS(Тест!$A$2:$A$19,"Ә*",Тест!$W$2:$W$19,"<>")*100,1),"") | D23: =IFERROR(ROUND(COUNTIFS(Тест!$A$2:$A$19,"Ү*",Тест!$W$2:$W$19,2)/COUNTIFS(Тест!$A$2:$A$19,"Ү*",Тест!$W$2:$W$19,"<>")*100,1),"")
A24: тұлпар | B24: =IFERROR(ROUND(COUNTIFS(Тест!$A$2:$A$19,"О*",Тест!$Y$2:$Y$19,2)/COUNTIFS(Тест!$A$2:$A$19,"О*",Тест!$Y$2:$Y$19,"<>")*100,1),"") | C24: =IFERROR(ROUND(COUNTIFS(Тест!$A$2:$A$19,"Ә*",Тест!$Y$2:$Y$19,2)/COUNTIFS(Тест!$A$2:$A$19,"Ә*",Тест!$Y$2:$Y$19,"<>")*100,1),"") | D24: =IFERROR(ROUND(COUNTIFS(Тест!$A$2:$A$19,"Ү*",Тест!$Y$2:$Y$19,2)/COUNTIFS(Тест!$A$2:$A$19,"Ү*",Тест!$Y$2:$Y$19,"<>")*100,1),"")
